Algorithm,Key,Repeats,Mean Time,Standard Deviation,Top 95,Peak Memory
Linear Search,No,30,0.05291416649318611,0.02466942581323094,0.0842989993543597,176
Binary Search,No,30,0.004353533404355403,0.0015430288889825689,0.0059370013332227245,352
