Algorithm,Key,Repeats,Mean Time,Standard Deviation,Top 95,Peak Memory
Bucket Sort,No,30,0.0008538677997421473,2.3992308508147678e-05,0.0008916639999370091,204140
Merge Sort,No,30,0.002681600166518668,1.3336942202333516e-05,0.0026987370001734234,16192
Insertion Sort,No,30,0.0696684121331297,0.0010411795916524802,0.0709555260000343,148
