Algorithm,Key,Repeats,Mean Time,Standard Deviation,Top 95,Peak Memory
Merge Sort,No,30,2.3630075001468263,0.018067942282838964,2.3841019992687507,16192
Bucket Sort,No,30,0.5359875665211197,0.01008704226070295,0.5509079983312404,204140
Insertion Sort,No,30,51.395442733579934,1.7981418885233071,55.354381000142894,148
