Algorithm,Key,Repeats,Mean Time,Standard Deviation,Top 95,Peak Memory
Merge Sort,No,30,2.3222039666507044,0.0236979760006668,2.355606999117299,16192
Bucket Sort,No,30,0.5358293334211339,0.01118905157916158,0.5509080001502298,204140
Insertion Sort,No,30,48.785318166543824,0.4656077708143453,49.023689000023296,148
