Algorithm,Key,Repeats,Mean Time,Standard Deviation,Top 95,Peak Memory
Merge Sort,No,30,2.794670866630137,0.39342444239332514,3.3410670002922416,16192
Bucket Sort,No,30,0.547148266681082,0.011893079110722888,0.5663430001732195,204140
Insertion Sort,No,30,69.79078326651991,2.6188779570413816,71.46369200017944,148
